<metadata xml:lang="en"><Esri><CreaDate>20260209</CreaDate><CreaTime>09151700</CreaTime><ArcGISFormat>1.0</ArcGISFormat><SyncOnce>FALSE</SyncOnce><DataProperties><lineage><Process ToolSource="c:\program files\arcgis\pro\Resources\ArcToolbox\toolboxes\Data Management Tools.tbx\UpdateSchema" Date="20260209" Time="091517">UpdateSchema "CIMDATA=&lt;CIMStandardDataConnection xsi:type='typens:CIMStandardDataConnection' xmlns:xsi='http://www.w3.org/2001/XMLSchema-instance' xmlns:xs='http://www.w3.org/2001/XMLSchema' xmlns:typens='http://www.esri.com/schemas/ArcGIS/3.5.0'&gt;&lt;WorkspaceFactory&gt;Shapefile&lt;/WorkspaceFactory&gt;&lt;Dataset&gt;PIJA Sampling Scheme 2026.shp&lt;/Dataset&gt;&lt;DatasetType&gt;esriDTFeatureClass&lt;/DatasetType&gt;&lt;/CIMStandardDataConnection&gt;" &lt;operationSequence&gt;&lt;workflow&gt;&lt;AddField&gt;&lt;field_name&gt;GridID2024&lt;/field_name&gt;&lt;field_type&gt;TEXT&lt;/field_type&gt;&lt;field_length&gt;50&lt;/field_length&gt;&lt;field_is_nullable&gt;False&lt;/field_is_nullable&gt;&lt;field_is_required&gt;False&lt;/field_is_required&gt;&lt;/AddField&gt;&lt;/workflow&gt;&lt;workflow&gt;&lt;AddField&gt;&lt;field_name&gt;GridID2026&lt;/field_name&gt;&lt;field_type&gt;TEXT&lt;/field_type&gt;&lt;field_length&gt;50&lt;/field_length&gt;&lt;field_is_nullable&gt;False&lt;/field_is_nullable&gt;&lt;field_is_required&gt;False&lt;/field_is_required&gt;&lt;/AddField&gt;&lt;/workflow&gt;&lt;/operationSequence&gt;</Process><Process ToolSource="c:\program files\arcgis\pro\Resources\ArcToolbox\toolboxes\Conversion Tools.tbx\ExportFeatures" Date="20260209" Time="101519">ExportFeatures "PIJA Sampling Scheme 2026" G:\Projects\Terrestrial\ConsvSp\PinyonJay\Surveys2026\Data\PIJA2026Surveys.gdb\PIJASamplingScheme2026 # NOT_USE_ALIAS "GRID_ID "GRID_ID" true true false 18 Double 0 18,First,#,PIJA Sampling Scheme 2026,GRID_ID,-1,-1;CLST_GRP "CLST_GRP" true true false 24 Double 15 23,First,#,PIJA Sampling Scheme 2026,CLST_GRP,-1,-1;OCCP_CTG "OCCP_CTG" true true false 24 Double 15 23,First,#,PIJA Sampling Scheme 2026,OCCP_CTG,-1,-1;ELEV "ELEV" true true false 24 Double 15 23,First,#,PIJA Sampling Scheme 2026,ELEV,-1,-1;RANK "RANK" true true false 10 Text 0 0,First,#,PIJA Sampling Scheme 2026,RANK,0,9;PAIR "PAIR" true true false 18 Double 0 18,First,#,PIJA Sampling Scheme 2026,PAIR,-1,-1;X "X" true true false 24 Double 15 23,First,#,PIJA Sampling Scheme 2026,X,-1,-1;Y "Y" true true false 24 Double 15 23,First,#,PIJA Sampling Scheme 2026,Y,-1,-1;GridID2024 "GridID2024" true true false 50 Text 0 0,First,#,PIJA Sampling Scheme 2026,GridID2024,0,49;GridID2026 "GridID2026" true true false 50 Text 0 0,First,#,PIJA Sampling Scheme 2026,GridID2026,0,49" #</Process><Process ToolSource="c:\program files\arcgis\pro\Resources\ArcToolbox\toolboxes\Data Management Tools.tbx\UpdateSchema" Date="20260209" Time="121313">UpdateSchema "CIMDATA=&lt;CIMStandardDataConnection xsi:type='typens:CIMStandardDataConnection' xmlns:xsi='http://www.w3.org/2001/XMLSchema-instance' xmlns:xs='http://www.w3.org/2001/XMLSchema' xmlns:typens='http://www.esri.com/schemas/ArcGIS/3.5.0'&gt;&lt;WorkspaceFactory&gt;FileGDB&lt;/WorkspaceFactory&gt;&lt;Dataset&gt;PIJASamplingScheme2026&lt;/Dataset&gt;&lt;DatasetType&gt;esriDTFeatureClass&lt;/DatasetType&gt;&lt;/CIMStandardDataConnection&gt;" &lt;operationSequence&gt;&lt;workflow&gt;&lt;AddField&gt;&lt;field_name&gt;GridSource&lt;/field_name&gt;&lt;field_type&gt;TEXT&lt;/field_type&gt;&lt;field_length&gt;50&lt;/field_length&gt;&lt;field_is_nullable&gt;True&lt;/field_is_nullable&gt;&lt;field_is_required&gt;False&lt;/field_is_required&gt;&lt;/AddField&gt;&lt;/workflow&gt;&lt;/operationSequence&gt;</Process><Process ToolSource="c:\program files\arcgis\pro\Resources\ArcToolbox\toolboxes\Data Management Tools.tbx\CalculateField" Date="20260209" Time="121413">CalculateField PIJASamplingScheme2026 GridSource "West" PYTHON3 # TEXT NO_ENFORCE_DOMAINS</Process><Process ToolSource="c:\program files\arcgis\pro\Resources\ArcToolbox\toolboxes\Data Management Tools.tbx\Merge" Date="20260209" Time="121859">Merge PIJASamplingScheme2026;PIJASamplingScheme2026_SE G:\Projects\Terrestrial\ConsvSp\PinyonJay\Surveys2026\Data\PIJA2026Surveys.gdb\PIJASamplingScheme2026_Merged "GRID_ID "GRID_ID" true true false 8 Double 0 0,First,#,PIJASamplingScheme2026,GRID_ID,-1,-1,PIJASamplingScheme2026_SE,ID,-1,-1;CLST_GRP "CLST_GRP" true true false 8 Double 0 0,First,#,PIJASamplingScheme2026,CLST_GRP,-1,-1;OCCP_CTG "OCCP_CTG" true true false 8 Double 0 0,First,#,PIJASamplingScheme2026,OCCP_CTG,-1,-1,PIJASamplingScheme2026_SE,OCCP_CTG,-1,-1;ELEV "ELEV" true true false 8 Double 0 0,First,#,PIJASamplingScheme2026,ELEV,-1,-1,PIJASamplingScheme2026_SE,ELEV,-1,-1;RANK "RANK" true true false 10 Text 0 0,First,#,PIJASamplingScheme2026,RANK,0,9,PIJASamplingScheme2026_SE,RANK,0,9;PAIR "PAIR" true true false 8 Double 0 0,First,#,PIJASamplingScheme2026,PAIR,-1,-1,PIJASamplingScheme2026_SE,PAIR,-1,-1;X "X" true true false 8 Double 0 0,First,#,PIJASamplingScheme2026,X,-1,-1,PIJASamplingScheme2026_SE,X,-1,-1;Y "Y" true true false 8 Double 0 0,First,#,PIJASamplingScheme2026,Y,-1,-1,PIJASamplingScheme2026_SE,Y,-1,-1;GridID2024 "GridID2024" true true false 50 Text 0 0,First,#,PIJASamplingScheme2026,GridID2024,0,49;GridID2026 "GridID2026" true true false 50 Text 0 0,First,#,PIJASamplingScheme2026,GridID2026,0,49,PIJASamplingScheme2026_SE,SEGridID,0,49;Shape_Length "Shape_Length" false true true 8 Double 0 0,First,#,PIJASamplingScheme2026,Shape_Length,-1,-1,PIJASamplingScheme2026_SE,Shape_Length,-1,-1;Shape_Area "Shape_Area" false true true 8 Double 0 0,First,#,PIJASamplingScheme2026,Shape_Area,-1,-1,PIJASamplingScheme2026_SE,Shape_Area,-1,-1;GridSource "GridSource" true true false 50 Text 0 0,First,#,PIJASamplingScheme2026,GridSource,0,49,PIJASamplingScheme2026_SE,GridSource,0,49;PRIV_LAND "PRIV_LAND" true true false 4 Long 0 0,First,#,PIJASamplingScheme2026_SE,PRIV_LAND,-1,-1" ADD_SOURCE_INFO MANUAL_EDIT</Process><Process ToolSource="c:\program files\arcgis\pro\Resources\ArcToolbox\toolboxes\Data Management Tools.tbx\CalculateField" Date="20260209" Time="122013">CalculateField PIJASamplingScheme2026_Merged GridID2024 "NA" PYTHON3 # TEXT NO_ENFORCE_DOMAINS</Process><Process ToolSource="c:\program files\arcgis\pro\Resources\ArcToolbox\toolboxes\Conversion Tools.tbx\ExportFeatures" Date="20260209" Time="123637">ExportFeatures PIJASamplingScheme2026_Merged G:\Projects\Terrestrial\ConsvSp\PinyonJay\Surveys2026\Data\PIJASamplingScheme2026_Merged.shp # NOT_USE_ALIAS "GRID_ID "GRID_ID" true true false 8 Double 0 0,First,#,PIJASamplingScheme2026_Merged,GRID_ID,-1,-1;CLST_GRP "CLST_GRP" true true false 8 Double 0 0,First,#,PIJASamplingScheme2026_Merged,CLST_GRP,-1,-1;OCCP_CTG "OCCP_CTG" true true false 8 Double 0 0,First,#,PIJASamplingScheme2026_Merged,OCCP_CTG,-1,-1;ELEV "ELEV" true true false 8 Double 0 0,First,#,PIJASamplingScheme2026_Merged,ELEV,-1,-1;RANK "RANK" true true false 10 Text 0 0,First,#,PIJASamplingScheme2026_Merged,RANK,0,9;PAIR "PAIR" true true false 8 Double 0 0,First,#,PIJASamplingScheme2026_Merged,PAIR,-1,-1;X "X" true true false 8 Double 0 0,First,#,PIJASamplingScheme2026_Merged,X,-1,-1;Y "Y" true true false 8 Double 0 0,First,#,PIJASamplingScheme2026_Merged,Y,-1,-1;GridID2024 "GridID2024" true true false 50 Text 0 0,First,#,PIJASamplingScheme2026_Merged,GridID2024,0,49;GridID2026 "GridID2026" true true false 50 Text 0 0,First,#,PIJASamplingScheme2026_Merged,GridID2026,0,49;GridSource "GridSource" true true false 50 Text 0 0,First,#,PIJASamplingScheme2026_Merged,GridSource,0,49;PRIV_LAND "PRIV_LAND" true true false 4 Long 0 0,First,#,PIJASamplingScheme2026_Merged,PRIV_LAND,-1,-1;MERGE_SRC "MERGE_SRC" true true false 255 Text 0 0,First,#,PIJASamplingScheme2026_Merged,MERGE_SRC,0,254;Shape_Length "Shape_Length" false true true 8 Double 0 0,First,#,PIJASamplingScheme2026_Merged,Shape_Length,-1,-1;Shape_Area "Shape_Area" false true true 8 Double 0 0,First,#,PIJASamplingScheme2026_Merged,Shape_Area,-1,-1" #</Process></lineage><itemProps><itemName Sync="TRUE">PIJASamplingScheme2026_Merged</itemName><imsContentType Sync="TRUE">002</imsContentType><itemLocation><linkage Sync="TRUE">file://\\dnrcpwftcsde22\gis\Projects\Terrestrial\ConsvSp\PinyonJay\Surveys2026\Data\PIJASamplingScheme2026_Merged.shp</linkage><protocol Sync="TRUE">Local Area Network</protocol></itemLocation><itemSize Sync="TRUE">0.000</itemSize></itemProps><coordRef><type Sync="TRUE">Projected</type><geogcsn Sync="TRUE">GCS_North_American_1983</geogcsn><csUnits Sync="TRUE">Linear Unit: Meter (1.000000)</csUnits><projcsn Sync="TRUE">NAD_1983_UTM_Zone_13N</projcsn><peXml Sync="TRUE">&lt;ProjectedCoordinateSystem xsi:type='typens:ProjectedCoordinateSystem' xmlns:xsi='http://www.w3.org/2001/XMLSchema-instance' xmlns:xs='http://www.w3.org/2001/XMLSchema' xmlns:typens='http://www.esri.com/schemas/ArcGIS/3.5.0'&gt;&lt;WKT&gt;PROJCS[&amp;quot;NAD_1983_UTM_Zone_13N&amp;quot;,GEOGCS[&amp;quot;GCS_North_American_1983&amp;quot;,DATUM[&amp;quot;D_North_American_1983&amp;quot;,SPHEROID[&amp;quot;GRS_1980&amp;quot;,6378137.0,298.257222101]],PRIMEM[&amp;quot;Greenwich&amp;quot;,0.0],UNIT[&amp;quot;Degree&amp;quot;,0.0174532925199433]],PROJECTION[&amp;quot;Transverse_Mercator&amp;quot;],PARAMETER[&amp;quot;False_Easting&amp;quot;,500000.0],PARAMETER[&amp;quot;False_Northing&amp;quot;,0.0],PARAMETER[&amp;quot;Central_Meridian&amp;quot;,-105.0],PARAMETER[&amp;quot;Scale_Factor&amp;quot;,0.9996],PARAMETER[&amp;quot;Latitude_Of_Origin&amp;quot;,0.0],UNIT[&amp;quot;Meter&amp;quot;,1.0],AUTHORITY[&amp;quot;EPSG&amp;quot;,26913]]&lt;/WKT&gt;&lt;XOrigin&gt;-5120900&lt;/XOrigin&gt;&lt;YOrigin&gt;-9998100&lt;/YOrigin&gt;&lt;XYScale&gt;450445547.3910538&lt;/XYScale&gt;&lt;ZOrigin&gt;-100000&lt;/ZOrigin&gt;&lt;ZScale&gt;10000&lt;/ZScale&gt;&lt;MOrigin&gt;-100000&lt;/MOrigin&gt;&lt;MScale&gt;10000&lt;/MScale&gt;&lt;XYTolerance&gt;0.001&lt;/XYTolerance&gt;&lt;ZTolerance&gt;0.001&lt;/ZTolerance&gt;&lt;MTolerance&gt;0.001&lt;/MTolerance&gt;&lt;HighPrecision&gt;true&lt;/HighPrecision&gt;&lt;WKID&gt;26913&lt;/WKID&gt;&lt;LatestWKID&gt;26913&lt;/LatestWKID&gt;&lt;/ProjectedCoordinateSystem&gt;</peXml></coordRef></DataProperties><SyncDate>20260209</SyncDate><SyncTime>12363700</SyncTime><ModDate>20260209</ModDate><ModTime>12363700</ModTime></Esri><dataIdInfo><envirDesc Sync="TRUE">Microsoft Windows 10 Version 10.0 (Build 26100) ; Esri ArcGIS 13.5.3.57366</envirDesc><dataLang><languageCode value="eng" Sync="TRUE"></languageCode><countryCode value="USA" Sync="TRUE"></countryCode></dataLang><idCitation><resTitle Sync="TRUE">PIJASamplingScheme2026_Merged</resTitle><presForm><PresFormCd value="005" Sync="TRUE"></PresFormCd></presForm></idCitation><spatRpType><SpatRepTypCd value="001" Sync="TRUE"></SpatRepTypCd></spatRpType></dataIdInfo><mdLang><languageCode value="eng" Sync="TRUE"></languageCode><countryCode value="USA" Sync="TRUE"></countryCode></mdLang><distInfo><distFormat><formatName Sync="TRUE">Shapefile</formatName></distFormat><distTranOps><transSize Sync="TRUE">0.000</transSize></distTranOps></distInfo><mdHrLv><ScopeCd value="005" Sync="TRUE"></ScopeCd></mdHrLv><mdHrLvName Sync="TRUE">dataset</mdHrLvName><refSysInfo><RefSystem><refSysID><identCode code="26913" Sync="TRUE"></identCode><idCodeSpace Sync="TRUE">EPSG</idCodeSpace><idVersion Sync="TRUE">6.11(3.0.1)</idVersion></refSysID></RefSystem></refSysInfo><spatRepInfo><VectSpatRep><geometObjs Name="PIJASamplingScheme2026_Merged"><geoObjTyp><GeoObjTypCd value="002" Sync="TRUE"></GeoObjTypCd></geoObjTyp><geoObjCnt Sync="TRUE">0</geoObjCnt></geometObjs><topLvl><TopoLevCd value="001" Sync="TRUE"></TopoLevCd></topLvl></VectSpatRep></spatRepInfo><spdoinfo><ptvctinf><esriterm Name="PIJASamplingScheme2026_Merged"><efeatyp Sync="TRUE">Simple</efeatyp><efeageom code="4" Sync="TRUE"></efeageom><esritopo Sync="TRUE">FALSE</esritopo><efeacnt Sync="TRUE">0</efeacnt><spindex Sync="TRUE">FALSE</spindex><linrefer Sync="TRUE">FALSE</linrefer></esriterm></ptvctinf></spdoinfo><eainfo><detailed Name="PIJASamplingScheme2026_Merged"><enttyp><enttypl Sync="TRUE">PIJASamplingScheme2026_Merged</enttypl><enttypt Sync="TRUE">Feature Class</enttypt><enttypc Sync="TRUE">0</enttypc></enttyp><attr><attrlabl Sync="TRUE">FID</attrlabl><attalias Sync="TRUE">FID</attalias><attrtype Sync="TRUE">OID</attrtype><attwidth Sync="TRUE">4</attwidth><atprecis Sync="TRUE">0</atprecis><attscale Sync="TRUE">0</attscale><attrdef Sync="TRUE">Internal feature number.</attrdef><attrdefs Sync="TRUE">Esri</attrdefs><attrdomv><udom Sync="TRUE">Sequential unique whole numbers that are automatically generated.</udom></attrdomv></attr><attr><attrlabl Sync="TRUE">Shape</attrlabl><attalias Sync="TRUE">Shape</attalias><attrtype Sync="TRUE">Geometry</attrtype><attwidth Sync="TRUE">0</attwidth><atprecis Sync="TRUE">0</atprecis><attscale Sync="TRUE">0</attscale><attrdef Sync="TRUE">Feature geometry.</attrdef><attrdefs Sync="TRUE">Esri</attrdefs><attrdomv><udom Sync="TRUE">Coordinates defining the features.</udom></attrdomv></attr><attr><attrlabl Sync="TRUE">GRID_ID</attrlabl><attalias Sync="TRUE">GRID_ID</attalias><attrtype Sync="TRUE">Double</attrtype><attwidth Sync="TRUE">19</attwidth><atprecis Sync="TRUE">0</atprecis><attscale Sync="TRUE">0</attscale></attr><attr><attrlabl Sync="TRUE">CLST_GRP</attrlabl><attalias Sync="TRUE">CLST_GRP</attalias><attrtype Sync="TRUE">Double</attrtype><attwidth Sync="TRUE">19</attwidth><atprecis Sync="TRUE">0</atprecis><attscale Sync="TRUE">0</attscale></attr><attr><attrlabl Sync="TRUE">OCCP_CTG</attrlabl><attalias Sync="TRUE">OCCP_CTG</attalias><attrtype Sync="TRUE">Double</attrtype><attwidth Sync="TRUE">19</attwidth><atprecis Sync="TRUE">0</atprecis><attscale Sync="TRUE">0</attscale></attr><attr><attrlabl Sync="TRUE">ELEV</attrlabl><attalias Sync="TRUE">ELEV</attalias><attrtype Sync="TRUE">Double</attrtype><attwidth Sync="TRUE">19</attwidth><atprecis Sync="TRUE">0</atprecis><attscale Sync="TRUE">0</attscale></attr><attr><attrlabl Sync="TRUE">RANK</attrlabl><attalias Sync="TRUE">RANK</attalias><attrtype Sync="TRUE">String</attrtype><attwidth Sync="TRUE">10</attwidth><atprecis Sync="TRUE">0</atprecis><attscale Sync="TRUE">0</attscale></attr><attr><attrlabl Sync="TRUE">PAIR</attrlabl><attalias Sync="TRUE">PAIR</attalias><attrtype Sync="TRUE">Double</attrtype><attwidth Sync="TRUE">19</attwidth><atprecis Sync="TRUE">0</atprecis><attscale Sync="TRUE">0</attscale></attr><attr><attrlabl Sync="TRUE">X</attrlabl><attalias Sync="TRUE">X</attalias><attrtype Sync="TRUE">Double</attrtype><attwidth Sync="TRUE">19</attwidth><atprecis Sync="TRUE">0</atprecis><attscale Sync="TRUE">0</attscale></attr><attr><attrlabl Sync="TRUE">Y</attrlabl><attalias Sync="TRUE">Y</attalias><attrtype Sync="TRUE">Double</attrtype><attwidth Sync="TRUE">19</attwidth><atprecis Sync="TRUE">0</atprecis><attscale Sync="TRUE">0</attscale></attr><attr><attrlabl Sync="TRUE">GridID2024</attrlabl><attalias Sync="TRUE">GridID2024</attalias><attrtype Sync="TRUE">String</attrtype><attwidth Sync="TRUE">50</attwidth><atprecis Sync="TRUE">0</atprecis><attscale Sync="TRUE">0</attscale></attr><attr><attrlabl Sync="TRUE">GridID2026</attrlabl><attalias Sync="TRUE">GridID2026</attalias><attrtype Sync="TRUE">String</attrtype><attwidth Sync="TRUE">50</attwidth><atprecis Sync="TRUE">0</atprecis><attscale Sync="TRUE">0</attscale></attr><attr><attrlabl Sync="TRUE">GridSource</attrlabl><attalias Sync="TRUE">GridSource</attalias><attrtype Sync="TRUE">String</attrtype><attwidth Sync="TRUE">50</attwidth><atprecis Sync="TRUE">0</atprecis><attscale Sync="TRUE">0</attscale></attr><attr><attrlabl Sync="TRUE">PRIV_LAND</attrlabl><attalias Sync="TRUE">PRIV_LAND</attalias><attrtype Sync="TRUE">Integer</attrtype><attwidth Sync="TRUE">10</attwidth><atprecis Sync="TRUE">10</atprecis><attscale Sync="TRUE">0</attscale></attr><attr><attrlabl Sync="TRUE">MERGE_SRC</attrlabl><attalias Sync="TRUE">MERGE_SRC</attalias><attrtype Sync="TRUE">String</attrtype><attwidth Sync="TRUE">254</attwidth><atprecis Sync="TRUE">0</atprecis><attscale Sync="TRUE">0</attscale></attr><attr><attrlabl Sync="TRUE">Shape_Leng</attrlabl><attalias Sync="TRUE">Shape_Leng</attalias><attrtype Sync="TRUE">Double</attrtype><attwidth Sync="TRUE">19</attwidth><atprecis Sync="TRUE">0</atprecis><attscale Sync="TRUE">0</attscale></attr><attr><attrlabl Sync="TRUE">Shape_Area</attrlabl><attalias Sync="TRUE">Shape_Area</attalias><attrtype Sync="TRUE">Double</attrtype><attwidth Sync="TRUE">19</attwidth><atprecis Sync="TRUE">0</atprecis><attscale Sync="TRUE">0</attscale><attrdef Sync="TRUE">Area of feature in internal units squared.</attrdef><attrdefs Sync="TRUE">Esri</attrdefs><attrdomv><udom Sync="TRUE">Positive real numbers that are automatically generated.</udom></attrdomv></attr></detailed></eainfo><mdDateSt Sync="TRUE">20260209</mdDateSt></metadata>
